{
  "people": [
    {
      "id": 1,
      "name": "Don Bradman2"
    },
    {
      "id": 2,
      "name": "Sachin Tendulkar"
    },
    {
      "id": "8",
      "name": "Jafet"
    },
    {
      "id": "6",
      "name": "hfgh"
    },
    {
      "id": "9",
      "name": "fdsf"
    }
  ],
  "ticket": [
    {
      "id": 2,
      "titulo": "fdsafa",
      "folio": "fredfgrg",
      "descripcion": "hgfhf",
      "coordenadas": "",
      "creacion": "2022-12-06T08:01",
      "atendido": "",
      "asignado": "2022-12-06T16:01",
      "proceso": "",
      "cancelado": "",
      "reasignado": "",
      "resuelto": "",
      "validado": "",
      "autor": "",
      "proyecto": "AMD",
      "area": "area11",
      "especialista": "Panchito Pérez",
      "prioridad": "Urgente",
      "estatus": "Asignado"
    },
    {
      "id": 3,
      "titulo": "inaasda",
      "folio": "fgshbgb",
      "descripcion": "Provident saepe sit",
      "coordenadas": "",
      "creacion": "",
      "atendido": "",
      "asignado": "2013-08-26T15:15",
      "proceso": "",
      "cancelado": "",
      "reasignado": "",
      "resuelto": "",
      "validado": "",
      "autor": "sigax@mailinator.com",
      "proyecto": "intel",
      "area": "",
      "especialista": "Juanito López",
      "prioridad": "Alta",
      "estatus": "En proceso",
      "ticket_tipoprioridad": "Urgente",
      "fecha_asignado": "2022-12-23",
      "ticket_especialistaasignado": "Panchito Pérez",
      "ticket_tipopstatus": "Asignado"
    },
    {
      "id": 4,
      "titulo": "",
      "folio": "",
      "descripcion": "",
      "coordenadas": "",
      "creacion": "",
      "atendido": "",
      "asignado": "",
      "proceso": "",
      "cancelado": "",
      "reasignado": "",
      "resuelto": "",
      "validado": "",
      "autor": "",
      "proyecto": "",
      "area": "",
      "especialista": "",
      "prioridad": "",
      "estatus": ""
    },
    {
      "id": 5,
      "titulo": "dsad",
      "folio": "12345678",
      "descripcion": "bbxvbcc",
      "coordenadas": "coordenadas aqfdsaf",
      "creacion": "",
      "atendido": "",
      "asignado": "2022-12-09T16:56",
      "proceso": "",
      "cancelado": "",
      "reasignado": "",
      "resuelto": "",
      "validado": "",
      "autor": 3,
      "proyecto": 3,
      "area": 3,
      "especialista": 1,
      "prioridad": "3",
      "estatus": 1
    },
    {
      "id": 6,
      "titulo": "fdsafa",
      "folio": "12345678",
      "descripcion": "bfdgbd",
      "coordenadas": "coordenadas aqfdsaf",
      "creacion": "",
      "atendido": "",
      "asignado": "2022-12-25T16:58",
      "proceso": "",
      "cancelado": "",
      "reasignado": "",
      "resuelto": "",
      "validado": "",
      "autor": 16,
      "proyecto": 2,
      "area": 3,
      "especialista": 1,
      "prioridad": "3",
      "estatus": 1
    },
    {
      "id": 7,
      "titulo": "css",
      "folio": "12345678",
      "descripcion": "error en CSS",
      "coordenadas": "coordenadas aqfdsaf",
      "creacion": "",
      "atendido": "",
      "asignado": "2022-12-25T17:00",
      "proceso": "",
      "cancelado": "",
      "reasignado": "",
      "resuelto": "",
      "validado": "",
      "autor": 18,
      "proyecto": 2,
      "area": 3,
      "especialista": 1,
      "prioridad": "3",
      "estatus": 2
    },
    {
      "id": 8,
      "titulo": "titulo",
      "folio": "12345678",
      "descripcion": "no hay descripcion",
      "coordenadas": "coordenadas aqfdsaf",
      "creacion": "",
      "atendido": "",
      "asignado": "",
      "proceso": "",
      "cancelado": "",
      "reasignado": "",
      "resuelto": "",
      "validado": "",
      "autor": 4,
      "proyecto": 1,
      "area": 3,
      "especialista": 1,
      "prioridad": "3",
      "estatus": 1
    }
  ],
  "usuario": [
    {
      "id": 1,
      "nombre": "Juanito",
      "paterno": "Perez",
      "materno": "Perez",
      "correo": "fadkjfa@gmail.com",
      "contrasenia": "12345",
      "creacion": null,
      "actualizacion": null,
      "rol": "gestor",
      "proyecto": "IPN",
      "estatus": 1
    },
    {
      "nombre": "Magni aliquid quo qu",
      "paterno": "Totam rerum animi n",
      "materno": "Iure repudiandae lib",
      "correo": "dexenijebe@mailinator.com",
      "contrasenia": "Pa$$w0rd!",
      "creacion": null,
      "actualizacion": null,
      "rol": "Operador",
      "proyecto": null,
      "estatus": null,
      "id": 2
    },
    {
      "nombre": "jafet",
      "paterno": "vazquez",
      "materno": "olvera",
      "correo": "jetvax.jv@gmail.com",
      "contrasenia": "123",
      "creacion": null,
      "actualizacion": null,
      "rol": null,
      "proyecto": 1,
      "estatus": 1,
      "id": 3
    },
    {
      "nombre": "iris",
      "paterno": "moreno",
      "materno": "cruz",
      "correo": "iris@gmail.com",
      "contrasenia": "123",
      "creacion": null,
      "actualizacion": null,
      "rol": null,
      "proyecto": 1,
      "estatus": 1,
      "id": 4
    }
  ],
  "proyecto": [
    {
      "id": 1,
      "nombre": "AMD",
      "codigo": "amd123",
      "descripcion": "Ipsa excepteur prae",
      "fecha_inicio": "2022-11-20",
      "fecha_final": "2022-11-30",
      "estatus": 1
    },
    {
      "id": 2,
      "nombre": "dell",
      "codigo": "dell123",
      "descripcion": "no hay",
      "fecha_inicio": "2022-12-07T17:05",
      "fecha_final": "2022-12-17T17:05",
      "estatus": 1
    }
  ],
  "historial_ticket": [
    {
      "id": 1,
      "id_ticket": 2,
      "id_usuario": 1,
      "fc_modificacion": "2022-11-20",
      "id_estatus": "Creado",
      "id_especialista": ""
    },
    {
      "id": 2,
      "id_ticket": 2,
      "id_usuario": 1,
      "fc_modificacion": "2022-11-21",
      "id_estatus": "Asignado",
      "id_especialista": ""
    },
    {
      "id": 3,
      "id_ticket": 2,
      "id_usuario": 1,
      "fc_modificacion": "2022-11-22",
      "id_estatus": "Resuelto",
      "id_especialista": ""
    },
    {
      "id": 3,
      "id_ticket": 3,
      "id_usuario": 1,
      "fc_modificacion": "2022-11-22",
      "id_estatus": "Resuelto",
      "id_especialista": ""
    },
    {
      "id": 4,
      "id_ticket": "3",
      "id_usuario": "yop",
      "fc_modificacion": "2022-12-07T22:02:16.524Z",
      "id_estatus": "resuelto",
      "id_especialista": "12"
    },
    {
      "id": 5,
      "id_ticket": "2",
      "id_usuario": "gdfg",
      "fc_modificacion": "2022-12-09T16:28:42.045Z",
      "id_estatus": "fdgdfg",
      "id_especialista": "dfgdg"
    },
    {
      "id": 6,
      "id_ticket": "9",
      "id_usuario": "2",
      "fc_modificacion": "2022-12-09T23:35:41.989Z",
      "id_estatus": "1",
      "id_especialista": "3"
    },
    {
      "id": 7,
      "id_ticket": "8",
      "id_usuario": "juanito",
      "fc_modificacion": "2022-12-09T23:48:20.211Z",
      "id_estatus": "2",
      "id_especialista": "3"
    }
  ],
  "Comments": [
    {
      "id": 1,
      "contenido_comentario": "dsada",
      "id_ticket": 3,
      "comentario_usuario": "jsdam",
      "fecha_comentario": "2022-11-20",
      "fecha_creacion": "2022-11-20",
      "fecha_culminacion": "2022-11-20",
      "estatus": 1
    },
    {
      "id": 7,
      "contenido_comentario": "Facilis cumque asper",
      "id_ticket": 3,
      "comentario_usuario": "Minima non amet ab ",
      "fecha_comentario": "1999-05-19",
      "fecha_creacion": "1983-04-19",
      "fecha_culminacion": "1986-10-01",
      "estatus": ""
    },
    {
      "id": 8,
      "contenido_comentario": "Illo nostrud proiden",
      "id_ticket": "3",
      "comentario_usuario": "Suscipit rerum labor",
      "fecha_comentario": "1982-09-13",
      "fecha_creacion": "2009-11-06",
      "fecha_culminacion": "1972-03-18",
      "estatus": ""
    },
    {
      "id": 9,
      "contenido_comentario": "bvn",
      "id_ticket": "2",
      "comentario_usuario": " bv",
      "fecha_comentario": "",
      "fecha_creacion": "",
      "fecha_culminacion": "",
      "estatus": ""
    },
    {
      "id": 10,
      "contenido_comentario": "hjhk",
      "id_ticket": "2",
      "comentario_usuario": "ghg",
      "fecha_comentario": "",
      "fecha_creacion": "",
      "fecha_culminacion": "",
      "estatus": ""
    },
    {
      "id": 11,
      "contenido_comentario": "",
      "id_ticket": "2",
      "comentario_usuario": "",
      "fecha_comentario": "",
      "fecha_creacion": "",
      "fecha_culminacion": "",
      "estatus": ""
    },
    {
      "id": 12,
      "contenido_comentario": "",
      "id_ticket": "2",
      "comentario_usuario": "",
      "fecha_comentario": "",
      "fecha_creacion": "",
      "fecha_culminacion": "",
      "estatus": ""
    },
    {
      "id": 13,
      "contenido_comentario": "Lo más básico es lo que hace todo el mundo, redondear una caja. Poniendo un radio de 50% en una capa con un ancho y alto iguales conseguiremos un círculo. ```language-css . circulo { height: 200px; width: 200px; border-radius: 50%; }",
      "id_ticket": "2",
      "comentario_usuario": "jhyuiopp",
      "fecha_comentario": "2022/12/05",
      "fecha_creacion": "",
      "fecha_culminacion": "",
      "estatus": ""
    },
    {
      "id": 14,
      "contenido_comentario": "hjkjkj",
      "id_ticket": "3",
      "comentario_usuario": "hjhjhu",
      "fecha_comentario": "",
      "fecha_creacion": "",
      "fecha_culminacion": "",
      "estatus": ""
    },
    {
      "id": 15,
      "contenido_comentario": "fdsgsd",
      "id_ticket": "3",
      "comentario_usuario": "fasj",
      "fecha_comentario": "",
      "fecha_creacion": "",
      "fecha_culminacion": "",
      "estatus": ""
    },
    {
      "id": 16,
      "contenido_comentario": "dsad",
      "id_ticket": "9",
      "comentario_usuario": "dsad",
      "fecha_comentario": "",
      "fecha_creacion": "2022-12-09T22:54:06.539Z",
      "fecha_culminacion": "",
      "estatus": ""
    },
    {
      "id": 17,
      "contenido_comentario": "sdsad",
      "id_ticket": "8",
      "comentario_usuario": "juan",
      "fecha_comentario": "",
      "fecha_creacion": "2022-12-09T23:46:55.491Z",
      "fecha_culminacion": "",
      "estatus": ""
    }
  ]
}